{
  "total_files": 1,
  "processed_files": 1,
  "processing_time": 14.366752862930298,
  "timestamp": 1748026205.7891197
}